{
  "model_type": "ridge_closed_form",
  "alpha": 10.0,
  "target": "vote_share",
  "features": [
    "games_played",
    "minutes_played",
    "pts",
    "trb",
    "ast",
    "stl",
    "blk",
    "fg_pct",
    "fg3_pct",
    "ft_pct"
  ],
  "intercept_and_weights": [
    0.1644914285714285,
    0.026994929590201926,
    -0.02719885846426268,
    0.11574475839010183,
    0.07915215149818801,
    0.08586975193581474,
    0.026222439219887088,
    0.033853379124688804,
    0.025667091865219264,
    -0.0015248419748853657,
    0.027877750444810244
  ],
  "x_mean": [
    74.10289855072463,
    36.209130434782615,
    22.585942028985507,
    7.408115942028986,
    5.266666666666667,
    1.4275362318840579,
    0.9084057971014494,
    0.49417536231884057,
    0.27736376811594204,
    0.7873565217391304
  ],
  "x_std": [
    9.502531638486277,
    2.9412588447265944,
    5.135104198268439,
    3.2774624663665493,
    2.7951026875262426,
    0.5605080661020959,
    0.8567982584124266,
    0.04534885360645239,
    0.1428581220479839,
    0.08395873982914943
  ],
  "train_rows": 690,
  "train_seasons": 45
}